taxa_falsos_positivos,taxa_verdadeiros_positivos,threshold
0.0,0.0,inf
0.0,0.0007987220447284345,0.9998280067829257
0.0,0.003993610223642172,0.9997796565936395
0.0,0.005591054313099041,0.9997547481242421
0.0,0.5591054313099042,0.9792873961417653
5.174671020289885e-06,0.5591054313099042,0.9792149549684022
5.174671020289885e-06,0.5910543130990416,0.9673250727929289
1.034934204057977e-05,0.5910543130990416,0.9668528315390149
1.034934204057977e-05,0.603035143769968,0.9608702074146469
1.5524013060869656e-05,0.603035143769968,0.9599912978454164
1.5524013060869656e-05,0.634185303514377,0.930172179655331
2.069868408115954e-05,0.634185303514377,0.9301624859955715
2.069868408115954e-05,0.6365814696485623,0.9296597516940545
2.5873355101449426e-05,0.6365814696485623,0.9243966142972077
2.5873355101449426e-05,0.6445686900958466,0.907664257831506
3.104802612173931e-05,0.6445686900958466,0.9031843788878714
3.104802612173931e-05,0.6493610223642172,0.897685036241955
3.62226971420292e-05,0.6493610223642172,0.8957751237541992
3.62226971420292e-05,0.65814696485623,0.8740071756411011
4.139736816231908e-05,0.65814696485623,0.8689982127876642
4.139736816231908e-05,0.6597444089456869,0.8676213079582967
4.657203918260897e-05,0.6597444089456869,0.8665655938353277
4.657203918260897e-05,0.6605431309904153,0.8662332391976764
5.174671020289885e-05,0.6605431309904153,0.8648736192932391
5.174671020289885e-05,0.6757188498402555,0.831090804649488
5.692138122318874e-05,0.6757188498402555,0.8288100909446485
5.692138122318874e-05,0.6821086261980831,0.8194607184105546
6.727072326376851e-05,0.6821086261980831,0.8152217365458093
6.727072326376851e-05,0.6845047923322684,0.8102771827542332
7.24453942840584e-05,0.6845047923322684,0.8101986260843513
7.24453942840584e-05,0.6884984025559105,0.8044324986139861
7.762006530434828e-05,0.6884984025559105,0.8025558187265424
7.762006530434828e-05,0.6900958466453674,0.7995338551814903
8.279473632463816e-05,0.6900958466453674,0.7993406404602891
8.279473632463816e-05,0.7068690095846646,0.7619824722602598
8.796940734492805e-05,0.7068690095846646,0.7619440066712257
8.796940734492805e-05,0.7124600638977636,0.7516533460037222
0.00010866809142608759,0.7124600638977636,0.7476399679898484
0.00010866809142608759,0.7212460063897763,0.7350278550727158
0.00011384276244637748,0.7212460063897763,0.7325655544861254
0.00011384276244637748,0.7276357827476039,0.7221302780970155
0.00011901743346666736,0.7276357827476039,0.7193359905212401
0.00011901743346666736,0.7356230031948882,0.7064032986707686
0.00012419210448695725,0.7356230031948882,0.7058670174773471
0.00012419210448695725,0.7428115015974441,0.6914697919792916
0.00012936677550724713,0.7428115015974441,0.6910447507110268
0.00012936677550724713,0.7436102236421726,0.6902986664413717
0.00013454144652753702,0.7436102236421726,0.6869994562521312
0.00013454144652753702,0.7492012779552716,0.6568772661985273
0.0001397161175478269,0.7492012779552716,0.6547318607543835
0.0001397161175478269,0.7539936102236422,0.6292411710389375
0.0001448907885681168,0.7539936102236422,0.6245222980898809
0.0001448907885681168,0.7659744408945687,0.5814976089981133
0.00015524013060869656,0.7659744408945687,0.576423247778809
0.00015524013060869656,0.7731629392971247,0.549213046647492
0.00016041480162898644,0.7731629392971247,0.5458349185667599
0.00016041480162898644,0.7851437699680511,0.5216674327243123
0.00016558947264927633,0.7851437699680511,0.5197276648836904
0.00016558947264927633,0.7859424920127795,0.5176954965078175
0.00017076414366956621,0.7859424920127795,0.5162766565747577
0.00017076414366956621,0.7899361022364217,0.5057532599918159
0.0001759388146898561,0.7899361022364217,0.5036025097287138
0.0001759388146898561,0.7907348242811502,0.5035711861473786
0.00018111348571014598,0.7907348242811502,0.5021765066562532
0.00018111348571014598,0.7915335463258786,0.49915306609789956
0.00018628815673043587,0.7915335463258786,0.49551555300466205
0.00018628815673043587,0.792332268370607,0.4950339357266377
0.00019146282775072575,0.792332268370607,0.48849794474273045
0.00019146282775072575,0.7939297124600639,0.4841374780714877
0.00019663749877101564,0.7939297124600639,0.48209461724193253
0.00019663749877101564,0.7971246006389776,0.4791105942119015
0.00020181216979130553,0.7971246006389776,0.4775652995832538
0.00020181216979130553,0.7987220447284346,0.4576966588404023
0.00022768552489275495,0.7987220447284346,0.43342385432331865
0.00022768552489275495,0.8043130990415336,0.4097978827817116
0.00023286019591304484,0.8043130990415336,0.40894262141457166
0.00023286019591304484,0.8059105431309904,0.3975823399756724
0.00023803486693333472,0.8059105431309904,0.39590300770607745
0.00023803486693333472,0.8075079872204473,0.39376195852866025
0.0002432095379536246,0.8075079872204473,0.38634784938465005
0.0002432095379536246,0.8083067092651757,0.38542852625070734
0.0002483842089739145,0.8083067092651757,0.3842091948449355
0.0002483842089739145,0.8091054313099042,0.3774265376838391
0.0002535588799942044,0.8091054313099042,0.3716806574821336
0.0002535588799942044,0.8099041533546326,0.37059404668010504
0.00025873355101449426,0.8099041533546326,0.3698864718418522
0.00025873355101449426,0.8115015974440895,0.36557900770861973
0.00026390822203478415,0.8115015974440895,0.3641195047959976
0.00026390822203478415,0.8123003194888179,0.3624568689104365
0.00026908289305507403,0.8123003194888179,0.3593997853606172
0.00026908289305507403,0.8138977635782748,0.3539075471290603
0.0002794322350956538,0.8138977635782748,0.352791526477273
0.0002794322350956538,0.8154952076677316,0.3503599680977475
0.0002846069061159437,0.8154952076677316,0.349747684408019
0.0002846069061159437,0.8170926517571885,0.3481909520252127
0.0002897815771362336,0.8170926517571885,0.348061671337278
0.0002897815771362336,0.8226837060702875,0.3317562111704389
0.00029495624815652346,0.8226837060702875,0.33138346858201845
0.00029495624815652346,0.8250798722044729,0.31756073604125473
0.0003104802612173931,0.8250798722044729,0.3086751926527468
0.0003104802612173931,0.8258785942492013,0.30530270878256255
0.0003208296032579729,0.8258785942492013,0.2983636081281196
0.0003208296032579729,0.8274760383386581,0.29235126354552926
0.00032600427427826277,0.8274760383386581,0.2913782925226409
0.00032600427427826277,0.8314696485623003,0.2791581742588183
0.00034152828733913243,0.8314696485623003,0.2723918048187674
0.00034152828733913243,0.8322683706070287,0.2714563953651476
0.00036222697142029197,0.8322683706070287,0.2686874431313923
0.00036222697142029197,0.8338658146964856,0.26706838335301814
0.00037257631346087174,0.8338658146964856,0.2602213383802551
0.00037257631346087174,0.8346645367412141,0.2588627976877712
0.0003829256555014515,0.8346645367412141,0.25692474343218225
0.0003829256555014515,0.8354632587859425,0.256888352101902
0.0003881003265217414,0.8354632587859425,0.2537073581631889
0.0003881003265217414,0.8362619808306709,0.2531716290631774
0.0003932749975420313,0.8362619808306709,0.25245624330529465
0.0003932749975420313,0.8370607028753994,0.2510003238788842
0.0004191483526434807,0.8370607028753994,0.2478784163541982
0.0004191483526434807,0.8394568690095847,0.2425656840251826
0.0004657203918260897,0.8394568690095847,0.2321208076933893
0.0004657203918260897,0.8402555910543131,0.23154735716197405
0.00047089506284637956,0.8402555910543131,0.22990168824059343
0.00047089506284637956,0.8410543130990416,0.22969775662669414
0.0005019430889681188,0.8410543130990416,0.2251163963217117
0.0005019430889681188,0.84185303514377,0.22399433509647565
0.0005122924310086986,0.84185303514377,0.21868623680866878
0.0005122924310086986,0.8426517571884984,0.2183608595464181
0.0005226417730492784,0.8426517571884984,0.2175615563619474
0.0005226417730492784,0.8434504792332268,0.21576533679605875
0.0005485151281507278,0.8434504792332268,0.213191955761892
0.0005485151281507278,0.8450479233226837,0.210285789191944
0.0005536897991710177,0.8450479233226837,0.20993516585356903
0.0005536897991710177,0.8458466453674122,0.20965750697619484
0.0006054365093739165,0.8458466453674122,0.20095246667852618
0.0006054365093739165,0.8466453674121406,0.20059866811466787
0.000631309864475366,0.8466453674121406,0.1950746869420899
0.000631309864475366,0.847444089456869,0.1941584469586014
0.0006675325616173951,0.847444089456869,0.18927920231867687
0.0006675325616173951,0.8482428115015974,0.18867083881255398
0.0006985805877391345,0.8482428115015974,0.18625050205024885
0.0006985805877391345,0.8490415335463258,0.1859086648789956
0.0007141046008000042,0.8490415335463258,0.18309745689603413
0.0007141046008000042,0.8498402555910544,0.18262453396492595
0.0007296286138608738,0.8498402555910544,0.18123689728837333
0.0007296286138608738,0.853035143769968,0.178559714856536
0.0007399779559014535,0.853035143769968,0.17670822040103965
0.0007399779559014535,0.854632587859425,0.1745098853951056
0.0007606766399826131,0.854632587859425,0.17294294922822817
0.0007606766399826131,0.8562300319488818,0.17159681222382286
0.000765851311002903,0.8562300319488818,0.17153902443689356
0.000765851311002903,0.8578274760383386,0.1706574793156158
0.0007762006530434828,0.8578274760383386,0.16826975358519988
0.0007762006530434828,0.8586261980830671,0.167869922233158
0.0007813753240637726,0.8586261980830671,0.16426431660244786
0.0007813753240637726,0.8594249201277955,0.16416943203931483
0.000853820718347831,0.8594249201277955,0.15811206657897472
0.000853820718347831,0.8610223642172524,0.15633680283423698
0.0008796940734492805,0.8610223642172524,0.1539503908890315
0.0008796940734492805,0.8618210862619808,0.15345996921470548
0.0008952180865101501,0.8618210862619808,0.15250077446583463
0.0008952180865101501,0.8634185303514377,0.15208459457420234
0.0009262661126318894,0.8634185303514377,0.1507489845588993
0.0009262661126318894,0.8642172523961661,0.1502845976716166
0.0009314407836521793,0.8642172523961661,0.14974589668035898
0.0009314407836521793,0.8650159744408946,0.14957979976511773
0.000946964796713049,0.8650159744408946,0.14834346331803075
0.000946964796713049,0.865814696485623,0.1478527584170876
0.0009521394677333389,0.865814696485623,0.14712389694911246
0.0009521394677333389,0.8666134185303515,0.14682565959401675
0.0009780128228347883,0.8666134185303515,0.1431560548608436
0.0009780128228347883,0.8674121405750799,0.14280936292626648
0.0010142355199768175,0.8674121405750799,0.13864838904814172
0.0010142355199768175,0.8682108626198083,0.13823638804148386
0.0010504582171188468,0.8682108626198083,0.1363538189875432
0.0010504582171188468,0.8690095846645367,0.13583911360376827
0.0010763315722202961,0.8690095846645367,0.13402181959471318
0.0010763315722202961,0.8698083067092651,0.13314317234452044
0.0010970302563014557,0.8698083067092651,0.13240671464299056
0.0010970302563014557,0.8706070287539937,0.13236295456821937
0.0011539516375246445,0.8706070287539937,0.12819426785758073
0.0011539516375246445,0.8722044728434505,0.126924517401505
0.001174650321605804,0.8722044728434505,0.124317446346651
0.001174650321605804,0.8730031948881789,0.12430068083218428
0.001210873018747833,0.8730031948881789,0.12280266269667595
0.001210873018747833,0.8746006389776357,0.12221391495758155
0.001216047689768123,0.8746006389776357,0.12179727731268807
0.001216047689768123,0.8753993610223643,0.12141987762979391
0.001221222360788413,0.8753993610223643,0.12103139923857441
0.001221222360788413,0.8761980830670927,0.1209780476528513
0.0012367463738492826,0.8761980830670927,0.1192822671289897
0.0012367463738492826,0.8769968051118211,0.11910213350437206
0.0012419210448695725,0.8769968051118211,0.11855415053245197
0.0012419210448695725,0.8777955271565495,0.11849772456065846
0.0012988424260927613,0.8777955271565495,0.11653914779920513
0.0012988424260927613,0.8785942492012779,0.11650452428002168
0.001309191768133341,0.8785942492012779,0.11513974193445321
0.001309191768133341,0.8801916932907349,0.11464696618860319
0.0013195411101739208,0.8801916932907349,0.1127773322419683
0.0013195411101739208,0.8809904153354633,0.11261713434811438
0.0013402397942550803,0.8809904153354633,0.11072850907537127
0.0013402397942550803,0.8825878594249201,0.11011740163422462
0.0013454144652753702,0.8825878594249201,0.1100553565607917
0.0013454144652753702,0.8833865814696485,0.10988701785974127
0.001397161175478269,0.8833865814696485,0.10772889453827861
0.001397161175478269,0.884185303514377,0.10674183021816222
0.0014282092016000083,0.884185303514377,0.10339150940565528
0.0014282092016000083,0.8849840255591054,0.10273168844474323
0.0014333838726202982,0.8849840255591054,0.10259403032518781
0.0014333838726202982,0.8865814696485623,0.10178502998712753
0.001438558543640588,0.8865814696485623,0.10154195667657104
0.001438558543640588,0.8873801916932907,0.10098015213763523
0.0014747812407826172,0.8873801916932907,0.09817663915115468
0.0014747812407826172,0.8881789137380192,0.09815000567001975
0.0015006545958840666,0.8881789137380192,0.09704922965931403
0.0015006545958840666,0.8889776357827476,0.09689316625259793
0.0015058292669043565,0.8889776357827476,0.09655014991437466
0.0015058292669043565,0.8913738019169329,0.09605130813297805
0.0015161786089449363,0.8913738019169329,0.09518828154756658
0.0015161786089449363,0.8921725239616614,0.09439600301691967
0.0015213532799652262,0.8921725239616614,0.09431729387987957
0.0015213532799652262,0.8929712460063898,0.09417578221917389
0.0015368772930260959,0.8929712460063898,0.09341702867195326
0.0015368772930260959,0.8937699680511182,0.09328105368896698
0.001567925319147835,0.8937699680511182,0.09208492115463887
0.001567925319147835,0.895367412140575,0.09114783719586612
0.0016403707134318936,0.895367412140575,0.08763730856145015
0.0016403707134318936,0.8961661341853036,0.0875039055764095
0.0016972920946550824,0.8961661341853036,0.08527389460497499
0.0016972920946550824,0.896964856230032,0.08486118103676335
0.0017438641338376913,0.896964856230032,0.0826403074012725
0.0017438641338376913,0.8977635782747604,0.082581161572721
0.001759388146898561,0.8977635782747604,0.08198713383896525
0.001759388146898561,0.8985623003194888,0.0818580396466291
0.0017645628179188508,0.8985623003194888,0.08127039184204352
0.0017645628179188508,0.8993610223642172,0.0812257711208592
0.0017904361730203002,0.8993610223642172,0.0802366673232071
0.0017904361730203002,0.9001597444089456,0.0800686851103342
0.00179561084404059,0.9001597444089456,0.07989111831723802
0.00179561084404059,0.9009584664536742,0.07987323357181123
0.00180078551506088,0.9009584664536742,0.07967308455314809
0.00180078551506088,0.9017571884984026,0.07954575222890649
0.00180596018608117,0.9017571884984026,0.07914030860120738
0.00180596018608117,0.902555910543131,0.07907060216426953
0.0018628815673043587,0.902555910543131,0.07757926269999423
0.0018628815673043587,0.9033546325878594,0.07757560458598846
0.001893929593426098,0.9033546325878594,0.07629226552934704
0.001893929593426098,0.9041533546325878,0.07594694309602414
0.0019456763036289969,0.9041533546325878,0.07356869192273231
0.0019456763036289969,0.9049520766773163,0.07338006950742523
0.0020388203819942147,0.9049520766773163,0.07069550721219003
0.0020388203819942147,0.9065495207667732,0.07043853761342664
0.0020439950530145045,0.9065495207667732,0.07038365280819964
0.0020439950530145045,0.90814696485623,0.07005000792331846
0.002163012486481172,0.90814696485623,0.06620544000375422
0.002163012486481172,0.9089456869009584,0.06607441525173657
0.0022613312358666796,0.9089456869009584,0.06399007331876665
0.0022613312358666796,0.9097444089456869,0.06393017811699776
0.0023130779460695788,0.9097444089456869,0.06280742481014123
0.0023130779460695788,0.9105431309904153,0.06262472366019028
0.0024062220244347966,0.9105431309904153,0.060906751303458455
0.0024062220244347966,0.9113418530351438,0.06084059151665986
0.0025148901158608843,0.9113418530351438,0.058838736025856514
0.0025148901158608843,0.9121405750798722,0.05880584012076993
0.0025562874840232034,0.9121405750798722,0.058059991907124936
0.0025562874840232034,0.9129392971246006,0.05790269076559753
0.0026908289305507403,0.9129392971246006,0.055774561968247
0.0026908289305507403,0.9137380191693291,0.0557132854603909
0.002783973008915958,0.9137380191693291,0.05381362713515438
0.002783973008915958,0.9145367412140575,0.05362209177473173
0.0028564184032000167,0.9145367412140575,0.052195107157134046
0.0028564184032000167,0.9153354632587859,0.0521581687502023
0.002871942416260886,0.9153354632587859,0.05193750924710726
0.002871942416260886,0.9161341853035144,0.05192370519244867
0.002892641100342046,0.9161341853035144,0.05148153196853408
0.002892641100342046,0.9169329073482428,0.05144213788895457
0.0030789292570724816,0.9169329073482428,0.048877110613760676
0.0030789292570724816,0.9177316293929713,0.04886945402876967
0.003104802612173931,0.9177316293929713,0.04845973831277672
0.003104802612173931,0.9185303514376997,0.04834695278584347
0.003109977283194221,0.9185303514376997,0.04832692195913163
0.003109977283194221,0.9193290734824281,0.04824884519016942
0.0032082960325797286,0.9193290734824281,0.047243645297867586
0.0032082960325797286,0.920926517571885,0.047099473686702184
0.0032134707036000185,0.920926517571885,0.04699927561242146
0.0032134707036000185,0.9217252396166135,0.04690391830975929
0.0032600427427826274,0.9217252396166135,0.046532096764210336
0.0032600427427826274,0.9233226837060703,0.046323786780982354
0.003332488137066686,0.9233226837060703,0.04550562212052885
0.003332488137066686,0.9241214057507987,0.04529453602245257
0.0033376628080869757,0.9241214057507987,0.045259578811479344
0.0033376628080869757,0.9257188498402555,0.04511616258256008
0.0033428374791072656,0.9257188498402555,0.04509703804192483
0.0033428374791072656,0.9265175718849841,0.04509336113667007
0.003348012150127556,0.9265175718849841,0.04507272204653501
0.003348012150127556,0.9273162939297125,0.04503910237469598
0.0033583614921681355,0.9273162939297125,0.04480400059644646
0.0033583614921681355,0.9281150159744409,0.044758547367804054
0.0033997588603304546,0.9281150159744409,0.0442942580387005
0.0033997588603304546,0.9289137380191693,0.04416548144570207
0.0035705230040000207,0.9289137380191693,0.0426592543469095
0.0035705230040000207,0.9297124600638977,0.04264833572481367
0.0036636670823652386,0.9297124600638977,0.04159745961981552
0.0036636670823652386,0.9305111821086262,0.04154409626221562
0.003674016424405818,0.9305111821086262,0.04146378649253508
0.003674016424405818,0.9313099041533547,0.04141822541327238
0.003736112476649297,0.9313099041533547,0.040869189460216844
0.003736112476649297,0.9329073482428115,0.04074170926177206
0.0038033831999130657,0.9329073482428115,0.04007711090542549
0.0038033831999130657,0.9337060702875399,0.03998368626648344
0.003932749975420312,0.9337060702875399,0.0388188420475372
0.003932749975420312,0.9345047923322684,0.03880738140982251
0.003943099317460892,0.9345047923322684,0.038648623199645696
0.003943099317460892,0.9353035143769968,0.03861649731957245
0.003958623330521762,0.9353035143769968,0.03834275712974816
0.003958623330521762,0.9361022364217252,0.03832804227178562
0.003989671356643501,0.9361022364217252,0.03798274480287571
0.003989671356643501,0.9369009584664537,0.03789619096927896
0.004000020698684081,0.9369009584664537,0.03786582522666399
0.004000020698684081,0.9376996805111821,0.03784032023319902
0.004010370040724661,0.9376996805111821,0.037732222076595344
0.004010370040724661,0.9384984025559105,0.03764986996505271
0.0041293874741913286,0.9384984025559105,0.036777667346428414
0.0041293874741913286,0.939297124600639,0.03677173903438877
0.004186308855414517,0.939297124600639,0.03644679886895513
0.004186308855414517,0.9400958466453674,0.03640763714132588
0.004677902602342056,0.9400958466453674,0.0330590754116698
0.004677902602342056,0.9408945686900958,0.03303538053802994
0.004734823983565245,0.9408945686900958,0.03275296680692032
0.004734823983565245,0.9416932907348243,0.03274069839074659
0.0047762213517275635,0.9416932907348243,0.03255411092420969
0.0047762213517275635,0.9432907348242812,0.03248092517422098
0.004791745364788434,0.9432907348242812,0.03230739539141005
0.004791745364788434,0.9440894568690096,0.03228699540388855
0.004864190759072492,0.9440894568690096,0.031761460341014146
0.004864190759072492,0.944888178913738,0.03176011647579379
0.004915937469275391,0.944888178913738,0.031517150172539615
0.004915937469275391,0.9456869009584664,0.031392041431076524
0.005102225626005826,0.9456869009584664,0.03012692056500522
0.005102225626005826,0.9472843450479234,0.03011443010084132
0.005159147007229015,0.9472843450479234,0.029664744430359543
0.005159147007229015,0.9480830670926518,0.029613459429568608
0.00539718187416235,0.9480830670926518,0.028223336742999712
0.00539718187416235,0.9488817891373802,0.02822047670490031
0.005423055229263799,0.9488817891373802,0.028041141044659195
0.005423055229263799,0.9496805111821086,0.02801998845533064
0.0054437539133449595,0.9496805111821086,0.027924176628371773
0.0054437539133449595,0.950479233226837,0.027919943892432023
0.005624867399055105,0.950479233226837,0.026620557434321904
0.005624867399055105,0.9512779552715654,0.026604856884633352
0.005987094370475397,0.9512779552715654,0.025154422460760068
0.005987094370475397,0.952076677316294,0.02514620746205513
0.006049190422718876,0.952076677316294,0.024893561190277795
0.006049190422718876,0.9528753993610224,0.02484937656948477
0.006100937132921774,0.9528753993610224,0.024617728471915058
0.006100937132921774,0.9536741214057508,0.02461688478913524
0.006287225289652211,0.9536741214057508,0.0237704937772603
0.006287225289652211,0.9544728434504792,0.02372417557645349
0.006390718710058008,0.9544728434504792,0.023194738732848965
0.006390718710058008,0.9560702875399361,0.023128673916904055
0.007234190086365259,0.9560702875399361,0.020242420235298143
0.007234190086365259,0.9568690095846646,0.02022718024671587
0.007441176927176855,0.9568690095846646,0.01952965102859203
0.007441176927176855,0.957667731629393,0.019509035318518515
0.007544670347582653,0.957667731629393,0.019031404602977434
0.007544670347582653,0.9584664536741214,0.019024341426908706
0.007808578569617437,0.9584664536741214,0.01839159058006086
0.007808578569617437,0.9592651757188498,0.01839127086894699
0.008020740081449321,0.9592651757188498,0.017771908727449614
0.008020740081449321,0.9600638977635783,0.01773751883296164
0.00811388415981454,0.9600638977635783,0.017451666035890056
0.00811388415981454,0.9608626198083067,0.017415729767317756
0.00811905883083483,0.9608626198083067,0.017394790005842636
0.00811905883083483,0.9616613418530351,0.017388299907477714
0.008165630870017438,0.9616613418530351,0.01727306801303366
0.008165630870017438,0.9624600638977636,0.017269826345391547
0.008455412447153672,0.9624600638977636,0.016552400812635655
0.008455412447153672,0.963258785942492,0.016526979989129765
0.010219975265072522,0.963258785942492,0.013047513732304696
0.010219975265072522,0.9640575079872205,0.013027335151759212
0.010452835460985568,0.9640575079872205,0.012705006718642633
0.010452835460985568,0.9648562300319489,0.012696715672115187
0.010540804868330495,0.9648562300319489,0.012582501749987485
0.010540804868330495,0.9656549520766773,0.012582383643899027
0.011534341704226153,0.9656549520766773,0.011253423150979786
0.011534341704226153,0.9664536741214057,0.011244559411270989
0.011958664727889924,0.9664536741214057,0.01085787963619871
0.011958664727889924,0.9672523961661342,0.010857040289975497
0.012967725576846452,0.9672523961661342,0.009907890422042131
0.012967725576846452,0.9680511182108626,0.009907518542778044
0.013154013733576888,0.9680511182108626,0.0097104719730958
0.013154013733576888,0.9688498402555911,0.00970994916671496
0.01347484333683486,0.9688498402555911,0.009438722305554205
0.01347484333683486,0.9696485623003195,0.009436002241272152
0.013831895637234862,0.9696485623003195,0.009224836897280484
0.013831895637234862,0.9704472843450479,0.009224744074050944
0.014018183793965298,0.9704472843450479,0.009089142803211239
0.014018183793965298,0.9712460063897763,0.009083936254745155
0.014804733789049361,0.9712460063897763,0.00859114181874075
0.014804733789049361,0.9720447284345048,0.008589077570600349
0.015461917008626177,0.9720447284345048,0.008233758404815572
0.015461917008626177,0.9728434504792333,0.00823233733212132
0.016134624241263863,0.9728434504792333,0.00785376422694649
0.016134624241263863,0.9736421725239617,0.007852661215207089
0.016512375225745023,0.9736421725239617,0.007667493552997359
0.016512375225745023,0.9744408945686901,0.007665541653558995
0.01751626140368126,0.9744408945686901,0.00719803040761807
0.01751626140368126,0.9752396166134185,0.007197554313297485
0.017718073573472565,0.9752396166134185,0.007110236870480674
0.017718073573472565,0.9760383386581469,0.007108947228857664
0.017749121599594304,0.9760383386581469,0.007098319685784721
0.017749121599594304,0.9768370607028753,0.007097810167371745
0.01847357554243489,0.9768370607028753,0.006813015176017431
0.01847357554243489,0.9776357827476039,0.006812840553560226
0.01984486336281171,0.9776357827476039,0.0063255308392731495
0.01984486336281171,0.9784345047923323,0.006325323912800042
0.020020802177501566,0.9784345047923323,0.006239855520444757
0.020020802177501566,0.9792332268370607,0.0062356789899829755
0.02373104129904941,0.9792332268370607,0.005151843993315049
0.02373104129904941,0.9800319488817891,0.005151484780510574
0.02390698011373927,0.9800319488817891,0.005100977257113989
0.02390698011373927,0.9808306709265175,0.005100558172937465
0.0278811274573219,0.9808306709265175,0.004338013070557739
0.0278811274573219,0.981629392971246,0.004335986937354389
0.029919947839316115,0.981629392971246,0.004019149879155113
0.029919947839316115,0.9824281150159745,0.0040174969217714965
0.030929008688272645,0.9824281150159745,0.003859859099670365
0.030929008688272645,0.9832268370607029,0.00385876990179997
0.03147234914540308,0.9832268370607029,0.0037840531011137826
0.03147234914540308,0.9840255591054313,0.0037825209432731407
0.03323173729230164,0.9840255591054313,0.0035679535041589546
0.03323173729230164,0.9848242811501597,0.003566963076701745
0.0346858198490031,0.9848242811501597,0.003398652740018743
0.0346858198490031,0.9856230031948882,0.00339835517869754
0.03610367970856253,0.9856230031948882,0.00326267094396022
0.03610367970856253,0.9864217252396166,0.0032626377207235317
0.03678673628324079,0.9864217252396166,0.0031944474354693962
0.03678673628324079,0.987220447284345,0.0031914768109525143
0.037247282004046596,0.987220447284345,0.0031453183684057957
0.037247282004046596,0.9880191693290735,0.0031452138249516755
0.03975699744888719,0.9880191693290735,0.00294871091097729
0.03975699744888719,0.9888178913738019,0.0029483125007169794
0.047068807600556796,0.9888178913738019,0.0024566042969709078
0.047068807600556796,0.9896166134185304,0.0024565042010548602
0.0603677121227018,0.9896166134185304,0.0018519577168970708
0.0603677121227018,0.9904153354632588,0.0018515030989882271
0.06784511174702068,0.9904153354632588,0.0016042052900531608
0.06784511174702068,0.9912140575079872,0.0016041817874737655
0.06826943477068445,0.9912140575079872,0.0015909844719842836
0.06826943477068445,0.9920127795527156,0.0015906961395940986
0.0700909189698265,0.9920127795527156,0.0015381123437129924
0.07010126831186707,0.9920127795527156,0.0015380841674870942
0.08831093563226718,0.9920127795527156,0.0011163628328497027
0.08831093563226718,0.9928115015974441,0.0011162508099888972
0.09011172114732806,0.9928115015974441,0.0010846413446317109
0.09011172114732806,0.9936102236421726,0.0010845297492192278
0.09082065107710777,0.9936102236421726,0.0010720076394391737
0.09082065107710777,0.994408945686901,0.001072002400707315
0.10792811347018613,0.994408945686901,0.0008152508132554068
0.10793846281222672,0.994408945686901,0.0008152474243622347
0.1084559299142557,0.994408945686901,0.0008095616263776967
0.1084559299142557,0.9952076677316294,0.0008093818338121668
0.1086629167550673,0.9952076677316294,0.0008066994927344468
0.10867326609710788,0.9952076677316294,0.0008066803045193542
0.11283370159742094,0.9952076677316294,0.0007547574445207674
0.11283370159742094,0.9960063897763578,0.0007547218177081103
0.12328136238738623,0.9960063897763578,0.000645880688768012
0.12328136238738623,0.9968051118210862,0.0006458494323558675
0.14607578823176318,0.9968051118210862,0.0004631720706362052
0.14607578823176318,0.9976038338658147,0.0004631470708760158
0.16109268353264442,0.9976038338658147,0.0003843743705028955
0.16109268353264442,0.9984025559105432,0.00038435937967996534
0.1828935725411257,0.9984025559105432,0.0003022734909020907
0.1829039218831663,0.9984025559105432,0.00030225937754728346
0.30200932475717857,0.9984025559105432,0.00013032889195999784
0.30201967409921915,0.9984025559105432,0.0001303242004589423
0.3130261993593757,0.9984025559105432,0.00012366535192006746
0.3130261993593757,0.9992012779552716,0.000123663003024021
0.31904951642699314,0.9992012779552716,0.0001203361481946488
0.3190598657690337,0.9992012779552716,0.00012033475631991237
0.3351893153392773,0.9992012779552716,0.00011204897589312451
0.3351996646813179,0.9992012779552716,0.00011204719307037024
0.34218029588768895,0.9992012779552716,0.00010866532441752484
0.34219064522972953,0.9992012779552716,0.00010866364483934907
0.34385688929826286,0.9992012779552716,0.00010782243163260269
0.34386723864030344,0.9992012779552716,0.00010782060638733278
0.3511893981340136,0.9992012779552716,0.00010455511461487005
0.3511997474760542,0.9992012779552716,0.00010454621018681257
0.3590238500587325,0.9992012779552716,0.00010116399069246271
0.3590341994007731,0.9992012779552716,0.00010116360424085565
0.41251442439546904,0.9992012779552716,8.186406433461859e-05
0.4125247737375096,0.9992012779552716,8.186353540866476e-05
0.4248249667527387,0.9992012779552716,7.790369190656578e-05
0.42483531609477926,0.9992012779552716,7.790283050202854e-05
0.45124683698233886,0.9992012779552716,7.028722574892789e-05
0.45125718632437944,0.9992012779552716,7.02830642076964e-05
0.45974882146867513,0.9992012779552716,6.80422613032573e-05
0.4597591708107157,0.9992012779552716,6.804190068462471e-05
0.4700929888382346,0.9992012779552716,6.530819893446388e-05
0.47010333818027517,0.9992012779552716,6.530816299015914e-05
0.48820433740924923,0.9992012779552716,6.0555928786316315e-05
0.48820433740924923,1.0,6.055434168417725e-05
0.49293916139281446,1.0,5.9441304718782436e-05
0.49294951073485505,1.0,5.943911595373793e-05
0.5279302868320147,1.0,5.1544367416300536e-05
0.5279406361740553,1.0,5.154102308034047e-05
0.53534559040409,1.0,4.989289065518956e-05
0.5353559397461306,1.0,4.989118224694916e-05
0.6039048067519107,1.0,3.666827432390145e-05
0.6039151560939513,1.0,3.666760437835407e-05
0.6754135855812967,1.0,2.581957541449141e-05
0.6754239349233373,1.0,2.581842685515598e-05
0.676241532944543,1.0,2.5708168898005047e-05
0.6762518822865836,1.0,2.5708046190240436e-05
0.6786218816138764,1.0,2.5371454586454666e-05
0.678632230955917,1.0,2.5371333219458883e-05
0.6913205242976678,1.0,2.3744452445885707e-05
0.6913308736397084,1.0,2.374332420522504e-05
0.6928936242878359,1.0,2.3572433892503494e-05
0.6929039736298764,1.0,2.357168447419148e-05
0.7159364343411868,1.0,2.1040520499423163e-05
0.7159467836832273,1.0,2.1039981298226894e-05
0.719475909319065,1.0,2.0675203039238435e-05
0.7194862586611056,1.0,2.067502179885895e-05
0.7394811874835058,1.0,1.876632210172159e-05
0.7394915368255464,1.0,1.876626839457592e-05
0.744609286464613,1.0,1.8308105682508305e-05
0.7446196358066536,1.0,1.830809140111187e-05
0.7674295856640914,1.0,1.6411304806074968e-05
0.767439935006132,1.0,1.6410537869515546e-05
0.7726611780656045,1.0,1.5993252307746257e-05
0.7726715274076451,1.0,1.5991769041862235e-05
0.8318749385507817,1.0,1.1889815265110552e-05
0.8318852878928222,1.0,1.1889492064007939e-05
0.8544365041992456,1.0,1.0552766835929296e-05
0.8544468535412861,1.0,1.0552194288084752e-05
0.8704831590331644,1.0,9.628017462521212e-06
0.870493508375205,1.0,9.627442786363333e-06
0.8841080678295877,1.0,8.861478218663235e-06
0.8841184171716283,1.0,8.861383594233736e-06
0.8959580644660515,1.0,8.214232785196216e-06
0.8959684138080921,1.0,8.214156650386357e-06
0.9169258314402662,1.0,7.0785349491405665e-06
0.9169361807823068,1.0,7.078086474499483e-06
0.9431665881841562,1.0,5.584356589724991e-06
0.9431769375261968,1.0,5.583762683170521e-06
0.976382801463397,1.0,3.2873313312988037e-06
0.9763931508054375,1.0,3.286699629618683e-06
1.0,1.0,1.9961305492109473e-08
